-- phpMyAdmin SQL Dump
-- version 5.2.1
-- https://www.phpmyadmin.net/
--
-- Host: 127.0.0.1
-- Waktu pembuatan: 30 Okt 2023 pada 07.50
-- Versi server: 10.4.28-MariaDB
-- Versi PHP: 8.2.4

SET SQL_MODE = "NO_AUTO_VALUE_ON_ZERO";
START TRANSACTION;
SET time_zone = "+00:00";


/*!40101 SET @OLD_CHARACTER_SET_CLIENT=@@CHARACTER_SET_CLIENT */;
/*!40101 SET @OLD_CHARACTER_SET_RESULTS=@@CHARACTER_SET_RESULTS */;
/*!40101 SET @OLD_COLLATION_CONNECTION=@@COLLATION_CONNECTION */;
/*!40101 SET NAMES utf8mb4 */;

--
-- Database: `ahp_per_user`
--

-- --------------------------------------------------------

--
-- Struktur dari tabel `tb_alternatif`
--

CREATE TABLE `tb_alternatif` (
  `kode_alternatif` varchar(16) NOT NULL,
  `nama_alternatif` varchar(255) DEFAULT NULL,
  `keterangan` varchar(255) DEFAULT NULL,
  `total` double DEFAULT NULL,
  `rank` int(11) DEFAULT NULL
) ENGINE=MyISAM DEFAULT CHARSET=latin1 COLLATE=latin1_swedish_ci;

--
-- Dumping data untuk tabel `tb_alternatif`
--

INSERT INTO `tb_alternatif` (`kode_alternatif`, `nama_alternatif`, `keterangan`, `total`, `rank`) VALUES
('A5', 'ACER', NULL, NULL, NULL),
('A6', 'DELL', NULL, NULL, NULL),
('A7', 'AXIOO', NULL, NULL, NULL),
('A4', 'HP', NULL, NULL, NULL),
('A2', 'ASUS', NULL, NULL, NULL),
('A1', 'APPLE', NULL, NULL, NULL),
('A3', 'LENOVO', NULL, NULL, NULL);

-- --------------------------------------------------------

--
-- Struktur dari tabel `tb_kriteria`
--

CREATE TABLE `tb_kriteria` (
  `kode_kriteria` varchar(16) NOT NULL,
  `nama_kriteria` varchar(255) DEFAULT NULL
) ENGINE=MyISAM DEFAULT CHARSET=latin1 COLLATE=latin1_swedish_ci;

--
-- Dumping data untuk tabel `tb_kriteria`
--

INSERT INTO `tb_kriteria` (`kode_kriteria`, `nama_kriteria`) VALUES
('K3', 'Ketahanan'),
('K2', 'Harga'),
('K1', 'Merek'),
('K4', 'Spesifikasi'),
('K5', 'Kenyamanan');

-- --------------------------------------------------------

--
-- Struktur dari tabel `tb_rel_alternatif`
--

CREATE TABLE `tb_rel_alternatif` (
  `ID` int(11) NOT NULL,
  `kode1` varchar(16) DEFAULT NULL,
  `kode2` varchar(16) DEFAULT NULL,
  `kode_kriteria` varchar(16) DEFAULT NULL,
  `nilai` double DEFAULT NULL,
  `id_user` int(11) DEFAULT NULL
) ENGINE=MyISAM DEFAULT CHARSET=latin1 COLLATE=latin1_swedish_ci;

--
-- Dumping data untuk tabel `tb_rel_alternatif`
--

INSERT INTO `tb_rel_alternatif` (`ID`, `kode1`, `kode2`, `kode_kriteria`, `nilai`, `id_user`) VALUES
(3016, 'A5', 'A5', 'K5', 1, 8),
(2985, 'A5', 'A5', 'K2', 1, 1),
(2986, 'A5', 'A5', 'K2', 1, 8),
(2987, 'A5', 'A1', 'K3', 1, 1),
(2988, 'A5', 'A1', 'K3', 1, 8),
(2989, 'A5', 'A2', 'K3', 1, 1),
(2990, 'A5', 'A2', 'K3', 1, 8),
(2991, 'A5', 'A3', 'K3', 1, 1),
(2992, 'A5', 'A3', 'K3', 1, 8),
(2993, 'A5', 'A4', 'K3', 1, 1),
(2994, 'A5', 'A4', 'K3', 1, 8),
(2995, 'A5', 'A5', 'K3', 1, 1),
(2996, 'A5', 'A5', 'K3', 1, 8),
(2997, 'A5', 'A1', 'K4', 1, 1),
(2998, 'A5', 'A1', 'K4', 1, 8),
(2999, 'A5', 'A2', 'K4', 1, 1),
(3000, 'A5', 'A2', 'K4', 1, 8),
(3001, 'A5', 'A3', 'K4', 1, 1),
(3002, 'A5', 'A3', 'K4', 1, 8),
(3003, 'A5', 'A4', 'K4', 1, 1),
(3004, 'A5', 'A4', 'K4', 1, 8),
(3005, 'A5', 'A5', 'K4', 1, 1),
(3006, 'A5', 'A5', 'K4', 1, 8),
(3007, 'A5', 'A1', 'K5', 1, 1),
(3008, 'A5', 'A1', 'K5', 1, 8),
(3009, 'A5', 'A2', 'K5', 1, 1),
(3010, 'A5', 'A2', 'K5', 1, 8),
(3011, 'A5', 'A3', 'K5', 1, 1),
(3012, 'A5', 'A3', 'K5', 1, 8),
(3013, 'A5', 'A4', 'K5', 1, 1),
(3014, 'A5', 'A4', 'K5', 1, 8),
(3015, 'A5', 'A5', 'K5', 1, 1),
(2984, 'A5', 'A4', 'K2', 1, 8),
(2983, 'A5', 'A4', 'K2', 1, 1),
(3214, 'A7', 'A5', 'K4', 1, 8),
(3213, 'A7', 'A5', 'K4', 1, 1),
(3212, 'A7', 'A5', 'K3', 1, 8),
(3211, 'A7', 'A5', 'K3', 1, 1),
(3210, 'A7', 'A5', 'K2', 1, 8),
(3208, 'A7', 'A5', 'K1', 1, 8),
(3209, 'A7', 'A5', 'K2', 1, 1),
(3207, 'A7', 'A5', 'K1', 1, 1),
(3206, 'A7', 'A4', 'K5', 1, 8),
(3205, 'A7', 'A4', 'K5', 1, 1),
(3204, 'A7', 'A4', 'K4', 1, 8),
(3203, 'A7', 'A4', 'K4', 1, 1),
(3202, 'A7', 'A4', 'K3', 1, 8),
(3201, 'A7', 'A4', 'K3', 1, 1),
(2982, 'A5', 'A3', 'K2', 1, 8),
(2981, 'A5', 'A3', 'K2', 1, 1),
(3053, 'A3', 'A5', 'K5', 1, 1),
(3097, 'A6', 'A5', 'K1', 1, 1),
(3144, 'A3', 'A6', 'K4', 1, 8),
(3200, 'A7', 'A4', 'K2', 1, 8),
(3199, 'A7', 'A4', 'K2', 1, 1),
(3198, 'A7', 'A4', 'K1', 1, 8),
(3197, 'A7', 'A4', 'K1', 1, 1),
(3274, 'A4', 'A7', 'K4', 1, 8),
(3273, 'A4', 'A7', 'K4', 1, 1),
(3272, 'A4', 'A7', 'K3', 1, 8),
(3271, 'A4', 'A7', 'K3', 1, 1),
(3196, 'A7', 'A3', 'K5', 1, 8),
(3195, 'A7', 'A3', 'K5', 1, 1),
(3194, 'A7', 'A3', 'K4', 1, 8),
(3193, 'A7', 'A3', 'K4', 1, 1),
(3192, 'A7', 'A3', 'K3', 1, 8),
(3270, 'A4', 'A7', 'K2', 1, 8),
(3269, 'A4', 'A7', 'K2', 1, 1),
(3268, 'A4', 'A7', 'K1', 1, 8),
(3267, 'A4', 'A7', 'K1', 1, 1),
(3191, 'A7', 'A3', 'K3', 1, 1),
(3266, 'A3', 'A7', 'K5', 1, 8),
(3052, 'A2', 'A5', 'K5', 1, 8),
(3051, 'A2', 'A5', 'K5', 1, 1),
(3050, 'A1', 'A5', 'K5', 1, 8),
(3049, 'A1', 'A5', 'K5', 1, 1),
(3048, 'A4', 'A5', 'K4', 1, 8),
(3047, 'A4', 'A5', 'K4', 1, 1),
(3096, 'A6', 'A4', 'K5', 1, 8),
(3265, 'A3', 'A7', 'K5', 1, 1),
(3264, 'A3', 'A7', 'K4', 1, 8),
(3263, 'A3', 'A7', 'K4', 1, 1),
(3262, 'A3', 'A7', 'K3', 1, 8),
(3261, 'A3', 'A7', 'K3', 1, 1),
(3260, 'A3', 'A7', 'K2', 1, 8),
(3259, 'A3', 'A7', 'K2', 1, 1),
(3258, 'A3', 'A7', 'K1', 1, 8),
(3257, 'A3', 'A7', 'K1', 1, 1),
(3256, 'A2', 'A7', 'K5', 1, 8),
(2923, 'A4', 'A2', 'K4', 1, 1),
(2901, 'A4', 'A3', 'K1', 1, 1),
(2902, 'A4', 'A3', 'K1', 1, 8),
(2903, 'A4', 'A4', 'K1', 1, 1),
(2904, 'A4', 'A4', 'K1', 1, 8),
(2905, 'A4', 'A1', 'K2', 1, 1),
(2906, 'A4', 'A1', 'K2', 1, 8),
(2907, 'A4', 'A2', 'K2', 1, 1),
(2908, 'A4', 'A2', 'K2', 1, 8),
(2909, 'A4', 'A3', 'K2', 1, 1),
(2910, 'A4', 'A3', 'K2', 1, 8),
(2911, 'A4', 'A4', 'K2', 1, 1),
(2912, 'A4', 'A4', 'K2', 1, 8),
(2913, 'A4', 'A1', 'K3', 1, 1),
(2914, 'A4', 'A1', 'K3', 1, 8),
(2915, 'A4', 'A2', 'K3', 1, 1),
(2916, 'A4', 'A2', 'K3', 1, 8),
(2917, 'A4', 'A3', 'K3', 1, 1),
(2918, 'A4', 'A3', 'K3', 1, 8),
(2919, 'A4', 'A4', 'K3', 1, 1),
(2920, 'A4', 'A4', 'K3', 1, 8),
(2921, 'A4', 'A1', 'K4', 1, 1),
(2922, 'A4', 'A1', 'K4', 1, 8),
(2900, 'A4', 'A2', 'K1', 1, 8),
(2786, 'A1', 'A1', 'K5', 1, 8),
(2899, 'A4', 'A2', 'K1', 1, 1),
(2898, 'A4', 'A1', 'K1', 1, 8),
(2897, 'A4', 'A1', 'K1', 1, 1),
(2896, 'A2', 'A3', 'K5', 1, 8),
(2895, 'A2', 'A3', 'K5', 1, 1),
(2894, 'A1', 'A3', 'K5', 1, 8),
(2893, 'A1', 'A3', 'K5', 1, 1),
(2892, 'A2', 'A3', 'K4', 1, 8),
(2891, 'A2', 'A3', 'K4', 1, 1),
(2890, 'A1', 'A3', 'K4', 1, 8),
(2889, 'A1', 'A3', 'K4', 1, 1),
(2888, 'A2', 'A3', 'K3', 1, 8),
(2799, 'A2', 'A1', 'K1', 1, 1),
(2800, 'A2', 'A1', 'K1', 1, 8),
(2801, 'A2', 'A2', 'K1', 1, 1),
(2802, 'A2', 'A2', 'K1', 1, 8),
(2887, 'A2', 'A3', 'K3', 1, 1),
(2886, 'A1', 'A3', 'K3', 1, 8),
(2805, 'A2', 'A1', 'K2', 1, 1),
(2806, 'A2', 'A1', 'K2', 1, 8),
(2807, 'A2', 'A2', 'K2', 1, 1),
(2808, 'A2', 'A2', 'K2', 1, 8),
(2885, 'A1', 'A3', 'K3', 1, 1),
(2884, 'A2', 'A3', 'K2', 1, 8),
(2811, 'A2', 'A1', 'K3', 1, 1),
(2812, 'A2', 'A1', 'K3', 1, 8),
(2813, 'A2', 'A2', 'K3', 1, 1),
(2814, 'A2', 'A2', 'K3', 1, 8),
(2883, 'A2', 'A3', 'K2', 1, 1),
(2882, 'A1', 'A3', 'K2', 1, 8),
(2817, 'A2', 'A1', 'K4', 1, 1),
(2818, 'A2', 'A1', 'K4', 1, 8),
(2819, 'A2', 'A2', 'K4', 1, 1),
(2820, 'A2', 'A2', 'K4', 1, 8),
(2881, 'A1', 'A3', 'K2', 1, 1),
(2880, 'A2', 'A3', 'K1', 1, 8),
(2823, 'A2', 'A1', 'K5', 1, 1),
(2824, 'A2', 'A1', 'K5', 1, 8),
(2825, 'A2', 'A2', 'K5', 1, 1),
(2826, 'A2', 'A2', 'K5', 1, 8),
(2879, 'A2', 'A3', 'K1', 1, 1),
(2878, 'A1', 'A3', 'K1', 1, 8),
(2829, 'A1', 'A2', 'K1', 1, 1),
(2830, 'A1', 'A2', 'K1', 1, 8),
(2877, 'A1', 'A3', 'K1', 1, 1),
(2876, 'A3', 'A3', 'K5', 1, 8),
(2833, 'A1', 'A2', 'K2', 1, 1),
(2834, 'A1', 'A2', 'K2', 1, 8),
(2875, 'A3', 'A3', 'K5', 1, 1),
(2874, 'A3', 'A2', 'K5', 1, 8),
(2837, 'A1', 'A2', 'K3', 1, 1),
(2838, 'A1', 'A2', 'K3', 1, 8),
(2873, 'A3', 'A2', 'K5', 1, 1),
(2872, 'A3', 'A1', 'K5', 1, 8),
(2841, 'A1', 'A2', 'K4', 1, 1),
(2842, 'A1', 'A2', 'K4', 1, 8),
(2871, 'A3', 'A1', 'K5', 1, 1),
(2870, 'A3', 'A3', 'K4', 1, 8),
(2845, 'A1', 'A2', 'K5', 1, 1),
(2846, 'A1', 'A2', 'K5', 1, 8),
(2924, 'A4', 'A2', 'K4', 1, 8),
(2925, 'A4', 'A3', 'K4', 1, 1),
(2926, 'A4', 'A3', 'K4', 1, 8),
(2927, 'A4', 'A4', 'K4', 1, 1),
(2928, 'A4', 'A4', 'K4', 1, 8),
(2929, 'A4', 'A1', 'K5', 1, 1),
(2930, 'A4', 'A1', 'K5', 1, 8),
(2931, 'A4', 'A2', 'K5', 1, 1),
(2932, 'A4', 'A2', 'K5', 1, 8),
(2933, 'A4', 'A3', 'K5', 1, 1),
(2934, 'A4', 'A3', 'K5', 1, 8),
(2935, 'A4', 'A4', 'K5', 1, 1),
(2936, 'A4', 'A4', 'K5', 1, 8),
(2937, 'A1', 'A4', 'K1', 1, 1),
(2938, 'A1', 'A4', 'K1', 1, 8),
(2939, 'A2', 'A4', 'K1', 1, 1),
(2940, 'A2', 'A4', 'K1', 1, 8),
(2941, 'A3', 'A4', 'K1', 1, 1),
(2942, 'A3', 'A4', 'K1', 1, 8),
(2943, 'A1', 'A4', 'K2', 1, 1),
(2944, 'A1', 'A4', 'K2', 1, 8),
(2945, 'A2', 'A4', 'K2', 1, 1),
(2946, 'A2', 'A4', 'K2', 1, 8),
(2947, 'A3', 'A4', 'K2', 1, 1),
(2948, 'A3', 'A4', 'K2', 1, 8),
(2949, 'A1', 'A4', 'K3', 1, 1),
(2950, 'A1', 'A4', 'K3', 1, 8),
(2951, 'A2', 'A4', 'K3', 1, 1),
(2952, 'A2', 'A4', 'K3', 1, 8),
(2953, 'A3', 'A4', 'K3', 1, 1),
(2954, 'A3', 'A4', 'K3', 1, 8),
(2955, 'A1', 'A4', 'K4', 1, 1),
(2956, 'A1', 'A4', 'K4', 1, 8),
(2957, 'A2', 'A4', 'K4', 1, 1),
(2958, 'A2', 'A4', 'K4', 1, 8),
(2959, 'A3', 'A4', 'K4', 1, 1),
(2960, 'A3', 'A4', 'K4', 1, 8),
(2961, 'A1', 'A4', 'K5', 1, 1),
(2962, 'A1', 'A4', 'K5', 1, 8),
(2963, 'A2', 'A4', 'K5', 1, 1),
(2964, 'A2', 'A4', 'K5', 1, 8),
(2965, 'A3', 'A4', 'K5', 1, 1),
(2966, 'A3', 'A4', 'K5', 1, 8),
(2967, 'A5', 'A1', 'K1', 1, 1),
(2968, 'A5', 'A1', 'K1', 1, 8),
(2969, 'A5', 'A2', 'K1', 1, 1),
(2970, 'A5', 'A2', 'K1', 1, 8),
(2971, 'A5', 'A3', 'K1', 1, 1),
(2972, 'A5', 'A3', 'K1', 1, 8),
(2973, 'A5', 'A4', 'K1', 1, 1),
(2974, 'A5', 'A4', 'K1', 1, 8),
(2975, 'A5', 'A5', 'K1', 1, 1),
(2976, 'A5', 'A5', 'K1', 1, 8),
(2977, 'A5', 'A1', 'K2', 1, 1),
(2978, 'A5', 'A1', 'K2', 1, 8),
(2979, 'A5', 'A2', 'K2', 1, 1),
(2980, 'A5', 'A2', 'K2', 1, 8),
(2869, 'A3', 'A3', 'K4', 1, 1),
(3143, 'A3', 'A6', 'K4', 1, 1),
(3255, 'A2', 'A7', 'K5', 1, 1),
(2868, 'A3', 'A2', 'K4', 1, 8),
(3142, 'A3', 'A6', 'K3', 1, 8),
(3254, 'A2', 'A7', 'K4', 1, 8),
(3253, 'A2', 'A7', 'K4', 1, 1),
(3252, 'A2', 'A7', 'K3', 1, 8),
(3251, 'A2', 'A7', 'K3', 1, 1),
(3250, 'A2', 'A7', 'K2', 1, 8),
(3249, 'A2', 'A7', 'K2', 1, 1),
(3248, 'A2', 'A7', 'K1', 1, 8),
(3247, 'A2', 'A7', 'K1', 1, 1),
(3246, 'A1', 'A7', 'K5', 1, 8),
(3245, 'A1', 'A7', 'K5', 1, 1),
(3244, 'A1', 'A7', 'K4', 1, 8),
(3243, 'A1', 'A7', 'K4', 1, 1),
(3242, 'A1', 'A7', 'K3', 1, 8),
(3241, 'A1', 'A7', 'K3', 1, 1),
(3240, 'A1', 'A7', 'K2', 1, 8),
(3190, 'A7', 'A3', 'K2', 1, 8),
(3189, 'A7', 'A3', 'K2', 1, 1),
(3188, 'A7', 'A3', 'K1', 1, 8),
(3187, 'A7', 'A3', 'K1', 1, 1),
(3186, 'A7', 'A2', 'K5', 1, 8),
(3185, 'A7', 'A2', 'K5', 1, 1),
(3184, 'A7', 'A2', 'K4', 1, 8),
(3183, 'A7', 'A2', 'K4', 1, 1),
(3182, 'A7', 'A2', 'K3', 1, 8),
(3181, 'A7', 'A2', 'K3', 1, 1),
(3180, 'A7', 'A2', 'K2', 1, 8),
(3179, 'A7', 'A2', 'K2', 1, 1),
(3239, 'A1', 'A7', 'K2', 1, 1),
(3178, 'A7', 'A2', 'K1', 1, 8),
(3177, 'A7', 'A2', 'K1', 1, 1),
(3141, 'A3', 'A6', 'K3', 1, 1),
(3140, 'A3', 'A6', 'K2', 1, 8),
(3139, 'A3', 'A6', 'K2', 1, 1),
(3138, 'A3', 'A6', 'K1', 1, 8),
(3137, 'A3', 'A6', 'K1', 1, 1),
(3136, 'A2', 'A6', 'K5', 1, 8),
(3135, 'A2', 'A6', 'K5', 1, 1),
(3134, 'A2', 'A6', 'K4', 1, 8),
(3133, 'A2', 'A6', 'K4', 1, 1),
(3132, 'A2', 'A6', 'K3', 1, 8),
(3238, 'A1', 'A7', 'K1', 1, 8),
(3176, 'A7', 'A1', 'K5', 1, 8),
(3175, 'A7', 'A1', 'K5', 1, 1),
(3131, 'A2', 'A6', 'K3', 1, 1),
(3130, 'A2', 'A6', 'K2', 1, 8),
(3095, 'A6', 'A4', 'K5', 1, 1),
(3094, 'A6', 'A4', 'K4', 1, 8),
(3093, 'A6', 'A4', 'K4', 1, 1),
(3092, 'A6', 'A4', 'K3', 1, 8),
(3091, 'A6', 'A4', 'K3', 1, 1),
(3090, 'A6', 'A4', 'K2', 1, 8),
(3089, 'A6', 'A4', 'K2', 1, 1),
(3088, 'A6', 'A4', 'K1', 1, 8),
(3237, 'A1', 'A7', 'K1', 1, 1),
(3174, 'A7', 'A1', 'K4', 1, 8),
(3173, 'A7', 'A1', 'K4', 1, 1),
(3129, 'A2', 'A6', 'K2', 1, 1),
(3128, 'A2', 'A6', 'K1', 1, 8),
(3087, 'A6', 'A4', 'K1', 1, 1),
(3086, 'A6', 'A3', 'K5', 1, 8),
(3046, 'A3', 'A5', 'K4', 1, 8),
(3045, 'A3', 'A5', 'K4', 1, 1),
(3044, 'A2', 'A5', 'K4', 1, 8),
(3043, 'A2', 'A5', 'K4', 1, 1),
(3042, 'A1', 'A5', 'K4', 1, 8),
(3041, 'A1', 'A5', 'K4', 1, 1),
(3236, 'A7', 'A7', 'K5', 1, 8),
(3172, 'A7', 'A1', 'K3', 1, 8),
(3171, 'A7', 'A1', 'K3', 1, 1),
(3127, 'A2', 'A6', 'K1', 1, 1),
(3126, 'A1', 'A6', 'K5', 1, 8),
(3085, 'A6', 'A3', 'K5', 1, 1),
(3084, 'A6', 'A3', 'K4', 1, 8),
(3040, 'A4', 'A5', 'K3', 1, 8),
(3039, 'A4', 'A5', 'K3', 1, 1),
(2784, 'A1', 'A1', 'K5', 1, 1),
(2867, 'A3', 'A2', 'K4', 1, 1),
(2782, 'A1', 'A1', 'K4', 1, 8),
(2864, 'A3', 'A3', 'K3', 1, 8),
(2865, 'A3', 'A1', 'K4', 1, 1),
(2866, 'A3', 'A1', 'K4', 1, 8),
(3125, 'A1', 'A6', 'K5', 1, 1),
(3124, 'A1', 'A6', 'K4', 1, 8),
(3083, 'A6', 'A3', 'K4', 1, 1),
(3082, 'A6', 'A3', 'K3', 1, 8),
(3038, 'A3', 'A5', 'K3', 1, 8),
(3037, 'A3', 'A5', 'K3', 1, 1),
(2780, 'A1', 'A1', 'K4', 1, 1),
(2863, 'A3', 'A3', 'K3', 1, 1),
(2862, 'A3', 'A2', 'K3', 1, 8),
(2861, 'A3', 'A2', 'K3', 1, 1),
(3170, 'A7', 'A1', 'K2', 1, 8),
(3169, 'A7', 'A1', 'K2', 1, 1),
(3123, 'A1', 'A6', 'K4', 1, 1),
(3122, 'A1', 'A6', 'K3', 1, 8),
(3081, 'A6', 'A3', 'K3', 1, 1),
(3080, 'A6', 'A3', 'K2', 1, 8),
(3079, 'A6', 'A3', 'K2', 1, 1),
(3078, 'A6', 'A3', 'K1', 1, 8),
(3077, 'A6', 'A3', 'K1', 1, 1),
(3076, 'A6', 'A2', 'K5', 1, 8),
(3075, 'A6', 'A2', 'K5', 1, 1),
(3074, 'A6', 'A2', 'K4', 1, 8),
(3235, 'A7', 'A7', 'K5', 1, 1),
(3168, 'A7', 'A1', 'K1', 1, 8),
(3167, 'A7', 'A1', 'K1', 1, 1),
(3121, 'A1', 'A6', 'K3', 1, 1),
(3120, 'A1', 'A6', 'K2', 1, 8),
(3073, 'A6', 'A2', 'K4', 1, 1),
(3072, 'A6', 'A2', 'K3', 1, 8),
(3036, 'A2', 'A5', 'K3', 1, 8),
(3035, 'A2', 'A5', 'K3', 1, 1),
(3034, 'A1', 'A5', 'K3', 1, 8),
(3033, 'A1', 'A5', 'K3', 1, 1),
(3032, 'A4', 'A5', 'K2', 1, 8),
(3031, 'A4', 'A5', 'K2', 1, 1),
(3234, 'A7', 'A7', 'K4', 1, 8),
(3166, 'A5', 'A6', 'K5', 1, 8),
(3165, 'A5', 'A6', 'K5', 1, 1),
(3119, 'A1', 'A6', 'K2', 1, 1),
(3118, 'A1', 'A6', 'K1', 1, 8),
(3071, 'A6', 'A2', 'K3', 1, 1),
(3070, 'A6', 'A2', 'K2', 1, 8),
(3030, 'A3', 'A5', 'K2', 1, 8),
(3029, 'A3', 'A5', 'K2', 1, 1),
(2778, 'A1', 'A1', 'K3', 1, 8),
(2860, 'A3', 'A1', 'K3', 1, 8),
(2776, 'A1', 'A1', 'K3', 1, 1),
(2857, 'A3', 'A3', 'K2', 1, 1),
(2858, 'A3', 'A3', 'K2', 1, 8),
(2859, 'A3', 'A1', 'K3', 1, 1),
(3117, 'A1', 'A6', 'K1', 1, 1),
(3116, 'A6', 'A6', 'K5', 1, 8),
(3069, 'A6', 'A2', 'K2', 1, 1),
(3068, 'A6', 'A2', 'K1', 1, 8),
(3028, 'A2', 'A5', 'K2', 1, 8),
(3027, 'A2', 'A5', 'K2', 1, 1),
(2774, 'A1', 'A1', 'K2', 1, 8),
(2856, 'A3', 'A2', 'K2', 1, 8),
(2855, 'A3', 'A2', 'K2', 1, 1),
(2854, 'A3', 'A1', 'K2', 1, 8),
(3233, 'A7', 'A7', 'K4', 1, 1),
(3232, 'A7', 'A7', 'K3', 1, 8),
(3231, 'A7', 'A7', 'K3', 1, 1),
(3230, 'A7', 'A7', 'K2', 1, 8),
(3229, 'A7', 'A7', 'K2', 1, 1),
(3228, 'A7', 'A7', 'K1', 1, 8),
(3227, 'A7', 'A7', 'K1', 1, 1),
(3226, 'A7', 'A6', 'K5', 1, 8),
(3225, 'A7', 'A6', 'K5', 1, 1),
(3224, 'A7', 'A6', 'K4', 1, 8),
(3223, 'A7', 'A6', 'K4', 1, 1),
(3222, 'A7', 'A6', 'K3', 1, 8),
(3221, 'A7', 'A6', 'K3', 1, 1),
(3220, 'A7', 'A6', 'K2', 1, 8),
(3219, 'A7', 'A6', 'K2', 1, 1),
(3164, 'A5', 'A6', 'K4', 1, 8),
(3163, 'A5', 'A6', 'K4', 1, 1),
(3162, 'A5', 'A6', 'K3', 1, 8),
(3161, 'A5', 'A6', 'K3', 1, 1),
(3160, 'A5', 'A6', 'K2', 1, 8),
(3159, 'A5', 'A6', 'K2', 1, 1),
(3158, 'A5', 'A6', 'K1', 1, 8),
(3157, 'A5', 'A6', 'K1', 1, 1),
(3156, 'A4', 'A6', 'K5', 1, 8),
(3155, 'A4', 'A6', 'K5', 1, 1),
(3154, 'A4', 'A6', 'K4', 1, 8),
(3153, 'A4', 'A6', 'K4', 1, 1),
(3218, 'A7', 'A6', 'K1', 1, 8),
(3152, 'A4', 'A6', 'K3', 1, 8),
(3151, 'A4', 'A6', 'K3', 1, 1),
(3115, 'A6', 'A6', 'K5', 1, 1),
(3114, 'A6', 'A6', 'K4', 1, 8),
(3113, 'A6', 'A6', 'K4', 1, 1),
(3112, 'A6', 'A6', 'K3', 1, 8),
(3111, 'A6', 'A6', 'K3', 1, 1),
(3110, 'A6', 'A6', 'K2', 1, 8),
(3109, 'A6', 'A6', 'K2', 1, 1),
(3108, 'A6', 'A6', 'K1', 1, 8),
(3107, 'A6', 'A6', 'K1', 1, 1),
(3106, 'A6', 'A5', 'K5', 1, 8),
(3217, 'A7', 'A6', 'K1', 1, 1),
(3150, 'A4', 'A6', 'K2', 1, 8),
(3149, 'A4', 'A6', 'K2', 1, 1),
(3105, 'A6', 'A5', 'K5', 1, 1),
(3104, 'A6', 'A5', 'K4', 1, 8),
(3067, 'A6', 'A2', 'K1', 1, 1),
(3066, 'A6', 'A1', 'K5', 1, 8),
(3065, 'A6', 'A1', 'K5', 1, 1),
(3064, 'A6', 'A1', 'K4', 1, 8),
(3063, 'A6', 'A1', 'K4', 1, 1),
(3062, 'A6', 'A1', 'K3', 1, 8),
(3061, 'A6', 'A1', 'K3', 1, 1),
(3060, 'A6', 'A1', 'K2', 1, 8),
(3216, 'A7', 'A5', 'K5', 1, 8),
(3148, 'A4', 'A6', 'K1', 1, 8),
(3147, 'A4', 'A6', 'K1', 1, 1),
(3103, 'A6', 'A5', 'K4', 1, 1),
(3102, 'A6', 'A5', 'K3', 1, 8),
(3059, 'A6', 'A1', 'K2', 1, 1),
(3058, 'A6', 'A1', 'K1', 1, 8),
(3026, 'A1', 'A5', 'K2', 1, 8),
(3025, 'A1', 'A5', 'K2', 1, 1),
(3024, 'A4', 'A5', 'K1', 1, 8),
(3023, 'A4', 'A5', 'K1', 1, 1),
(3022, 'A3', 'A5', 'K1', 1, 8),
(3021, 'A3', 'A5', 'K1', 1, 1),
(3215, 'A7', 'A5', 'K5', 1, 1),
(3146, 'A3', 'A6', 'K5', 1, 8),
(3145, 'A3', 'A6', 'K5', 1, 1),
(3101, 'A6', 'A5', 'K3', 1, 1),
(3100, 'A6', 'A5', 'K2', 1, 8),
(3057, 'A6', 'A1', 'K1', 1, 1),
(3056, 'A4', 'A5', 'K5', 1, 8),
(3020, 'A2', 'A5', 'K1', 1, 8),
(3019, 'A2', 'A5', 'K1', 1, 1),
(2772, 'A1', 'A1', 'K2', 1, 1),
(2853, 'A3', 'A1', 'K2', 1, 1),
(2770, 'A1', 'A1', 'K1', 1, 8),
(2850, 'A3', 'A2', 'K1', 1, 8),
(2851, 'A3', 'A3', 'K1', 1, 1),
(2852, 'A3', 'A3', 'K1', 1, 8),
(3099, 'A6', 'A5', 'K2', 1, 1),
(3098, 'A6', 'A5', 'K1', 1, 8),
(3055, 'A4', 'A5', 'K5', 1, 1),
(3054, 'A3', 'A5', 'K5', 1, 8),
(3018, 'A1', 'A5', 'K1', 1, 8),
(3017, 'A1', 'A5', 'K1', 1, 1),
(2768, 'A1', 'A1', 'K1', 1, 1),
(2849, 'A3', 'A2', 'K1', 1, 1),
(2848, 'A3', 'A1', 'K1', 1, 8),
(2847, 'A3', 'A1', 'K1', 1, 1),
(3275, 'A4', 'A7', 'K5', 1, 1),
(3276, 'A4', 'A7', 'K5', 1, 8),
(3277, 'A5', 'A7', 'K1', 1, 1),
(3278, 'A5', 'A7', 'K1', 1, 8),
(3279, 'A5', 'A7', 'K2', 1, 1),
(3280, 'A5', 'A7', 'K2', 1, 8),
(3281, 'A5', 'A7', 'K3', 1, 1),
(3282, 'A5', 'A7', 'K3', 1, 8),
(3283, 'A5', 'A7', 'K4', 1, 1),
(3284, 'A5', 'A7', 'K4', 1, 8),
(3285, 'A5', 'A7', 'K5', 1, 1),
(3286, 'A5', 'A7', 'K5', 1, 8),
(3287, 'A6', 'A7', 'K1', 1, 1),
(3288, 'A6', 'A7', 'K1', 1, 8),
(3289, 'A6', 'A7', 'K2', 1, 1),
(3290, 'A6', 'A7', 'K2', 1, 8),
(3291, 'A6', 'A7', 'K3', 1, 1),
(3292, 'A6', 'A7', 'K3', 1, 8),
(3293, 'A6', 'A7', 'K4', 1, 1),
(3294, 'A6', 'A7', 'K4', 1, 8),
(3295, 'A6', 'A7', 'K5', 1, 1),
(3296, 'A6', 'A7', 'K5', 1, 8);

-- --------------------------------------------------------

--
-- Struktur dari tabel `tb_rel_kriteria`
--

CREATE TABLE `tb_rel_kriteria` (
  `ID` int(11) NOT NULL,
  `ID1` varchar(16) DEFAULT NULL,
  `ID2` varchar(16) DEFAULT NULL,
  `nilai` double DEFAULT NULL,
  `id_user` int(11) DEFAULT NULL
) ENGINE=MyISAM DEFAULT CHARSET=latin1 COLLATE=latin1_swedish_ci;

--
-- Dumping data untuk tabel `tb_rel_kriteria`
--

INSERT INTO `tb_rel_kriteria` (`ID`, `ID1`, `ID2`, `nilai`, `id_user`) VALUES
(254, 'K1', 'K4', 1, 1),
(245, 'K2', 'K3', 1, 8),
(253, 'K4', 'K4', 1, 8),
(244, 'K2', 'K3', 1, 1),
(235, 'K1', 'K2', 1, 8),
(243, 'K1', 'K3', 1, 8),
(252, 'K4', 'K4', 1, 1),
(242, 'K1', 'K3', 1, 1),
(241, 'K3', 'K3', 1, 8),
(251, 'K4', 'K3', 1, 8),
(250, 'K4', 'K3', 1, 1),
(249, 'K4', 'K2', 1, 8),
(240, 'K3', 'K3', 1, 1),
(234, 'K1', 'K2', 1, 1),
(248, 'K4', 'K2', 1, 1),
(239, 'K3', 'K2', 1, 8),
(238, 'K3', 'K2', 1, 1),
(233, 'K2', 'K2', 1, 8),
(232, 'K2', 'K1', 1, 8),
(222, 'K1', 'K1', 1, 1),
(223, 'K1', 'K1', 1, 8),
(247, 'K4', 'K1', 1, 8),
(246, 'K4', 'K1', 1, 1),
(237, 'K3', 'K1', 1, 8),
(236, 'K3', 'K1', 1, 1),
(231, 'K2', 'K2', 1, 1),
(230, 'K2', 'K1', 1, 1),
(255, 'K1', 'K4', 1, 8),
(256, 'K2', 'K4', 1, 1),
(257, 'K2', 'K4', 1, 8),
(258, 'K3', 'K4', 1, 1),
(259, 'K3', 'K4', 1, 8),
(260, 'K5', 'K1', 1, 1),
(261, 'K5', 'K1', 1, 8),
(262, 'K5', 'K2', 1, 1),
(263, 'K5', 'K2', 1, 8),
(264, 'K5', 'K3', 1, 1),
(265, 'K5', 'K3', 1, 8),
(266, 'K5', 'K4', 1, 1),
(267, 'K5', 'K4', 1, 8),
(268, 'K5', 'K5', 1, 1),
(269, 'K5', 'K5', 1, 8),
(270, 'K1', 'K5', 1, 1),
(271, 'K1', 'K5', 1, 8),
(272, 'K2', 'K5', 1, 1),
(273, 'K2', 'K5', 1, 8),
(274, 'K3', 'K5', 1, 1),
(275, 'K3', 'K5', 1, 8),
(276, 'K4', 'K5', 1, 1),
(277, 'K4', 'K5', 1, 8);

-- --------------------------------------------------------

--
-- Struktur dari tabel `tb_user`
--

CREATE TABLE `tb_user` (
  `id_user` int(11) NOT NULL,
  `nama_user` varchar(255) DEFAULT NULL,
  `user` varchar(16) DEFAULT NULL,
  `pass` varchar(16) DEFAULT NULL,
  `level` varchar(16) DEFAULT NULL
) ENGINE=InnoDB DEFAULT CHARSET=latin1 COLLATE=latin1_swedish_ci;

--
-- Dumping data untuk tabel `tb_user`
--

INSERT INTO `tb_user` (`id_user`, `nama_user`, `user`, `pass`, `level`) VALUES
(1, 'Administrator', 'admin', 'admin', 'admin'),
(8, 'User', 'user', 'user', 'admin');

--
-- Indexes for dumped tables
--

--
-- Indeks untuk tabel `tb_alternatif`
--
ALTER TABLE `tb_alternatif`
  ADD PRIMARY KEY (`kode_alternatif`);

--
-- Indeks untuk tabel `tb_kriteria`
--
ALTER TABLE `tb_kriteria`
  ADD PRIMARY KEY (`kode_kriteria`);

--
-- Indeks untuk tabel `tb_rel_alternatif`
--
ALTER TABLE `tb_rel_alternatif`
  ADD PRIMARY KEY (`ID`);

--
-- Indeks untuk tabel `tb_rel_kriteria`
--
ALTER TABLE `tb_rel_kriteria`
  ADD PRIMARY KEY (`ID`);

--
-- Indeks untuk tabel `tb_user`
--
ALTER TABLE `tb_user`
  ADD PRIMARY KEY (`id_user`);

--
-- AUTO_INCREMENT untuk tabel yang dibuang
--

--
-- AUTO_INCREMENT untuk tabel `tb_rel_alternatif`
--
ALTER TABLE `tb_rel_alternatif`
  MODIFY `ID` int(11) NOT NULL AUTO_INCREMENT, AUTO_INCREMENT=3297;

--
-- AUTO_INCREMENT untuk tabel `tb_rel_kriteria`
--
ALTER TABLE `tb_rel_kriteria`
  MODIFY `ID` int(11) NOT NULL AUTO_INCREMENT, AUTO_INCREMENT=278;

--
-- AUTO_INCREMENT untuk tabel `tb_user`
--
ALTER TABLE `tb_user`
  MODIFY `id_user` int(11) NOT NULL AUTO_INCREMENT, AUTO_INCREMENT=9;
COMMIT;

/*!40101 SET CHARACTER_SET_CLIENT=@OLD_CHARACTER_SET_CLIENT */;
/*!40101 SET CHARACTER_SET_RESULTS=@OLD_CHARACTER_SET_RESULTS */;
/*!40101 SET COLLATION_CONNECTION=@OLD_COLLATION_CONNECTION */;
